{
  "authors POST" : {
    "transaction" : "authors POST",
    "sampleCount" : 755,
    "errorCount" : 755,
    "errorPct" : 100.0,
    "meanResTime" : 235.06754966887397,
    "medianResTime" : 191.0,
    "minResTime" : 68.0,
    "maxResTime" : 4853.0,
    "pct1ResTime" : 248.0,
    "pct2ResTime" : 315.5999999999988,
    "pct3ResTime" : 1960.0,
    "throughput" : 6.65426886771666,
    "receivedKBytesPerSec" : 53.487585009937334,
    "sentKBytesPerSec" : 1.9702788155181075
  },
  "activities DELETE " : {
    "transaction" : "activities DELETE ",
    "sampleCount" : 764,
    "errorCount" : 764,
    "errorPct" : 100.0,
    "meanResTime" : 209.78403141361255,
    "medianResTime" : 189.0,
    "minResTime" : 7.0,
    "maxResTime" : 4833.0,
    "pct1ResTime" : 239.0,
    "pct2ResTime" : 267.75,
    "pct3ResTime" : 741.6500000000013,
    "throughput" : 6.680599155306442,
    "receivedKBytesPerSec" : 53.69923012434309,
    "sentKBytesPerSec" : 1.4359425006120967
  },
  "users DELETE" : {
    "transaction" : "users DELETE",
    "sampleCount" : 734,
    "errorCount" : 734,
    "errorPct" : 100.0,
    "meanResTime" : 236.0258855585831,
    "medianResTime" : 186.0,
    "minResTime" : 41.0,
    "maxResTime" : 5165.0,
    "pct1ResTime" : 275.5,
    "pct2ResTime" : 480.75,
    "pct3ResTime" : 2031.4999999999943,
    "throughput" : 6.669634987414926,
    "receivedKBytesPerSec" : 53.611099200597906,
    "sentKBytesPerSec" : 1.4010105967914877
  },
  "coverPhotos all GET" : {
    "transaction" : "coverPhotos all GET",
    "sampleCount" : 751,
    "errorCount" : 751,
    "errorPct" : 100.0,
    "meanResTime" : 327.74167776298304,
    "medianResTime" : 190.0,
    "minResTime" : 97.0,
    "maxResTime" : 5159.0,
    "pct1ResTime" : 449.80000000000007,
    "pct2ResTime" : 1689.9999999999989,
    "pct3ResTime" : 2609.96,
    "throughput" : 6.71452966999562,
    "receivedKBytesPerSec" : 53.9719665173183,
    "sentKBytesPerSec" : 1.2917601025284542
  },
  "coverPhotosCoverPhotosForBook  GET" : {
    "transaction" : "coverPhotosCoverPhotosForBook  GET",
    "sampleCount" : 750,
    "errorCount" : 750,
    "errorPct" : 100.0,
    "meanResTime" : 321.4159999999999,
    "medianResTime" : 190.0,
    "minResTime" : 78.0,
    "maxResTime" : 6066.0,
    "pct1ResTime" : 309.0,
    "pct2ResTime" : 620.8999999999999,
    "pct3ResTime" : 4971.590000000002,
    "throughput" : 6.755661244122575,
    "receivedKBytesPerSec" : 54.30258564489542,
    "sentKBytesPerSec" : 1.293735517551208
  },
  "authors all GET" : {
    "transaction" : "authors all GET",
    "sampleCount" : 757,
    "errorCount" : 757,
    "errorPct" : 100.0,
    "meanResTime" : 237.772787318362,
    "medianResTime" : 191.0,
    "minResTime" : 59.0,
    "maxResTime" : 4618.0,
    "pct1ResTime" : 262.4000000000003,
    "pct2ResTime" : 472.20000000000005,
    "pct3ResTime" : 1923.7799999999997,
    "throughput" : 6.655881266815552,
    "receivedKBytesPerSec" : 53.500545612459774,
    "sentKBytesPerSec" : 1.2544776215775406
  },
  "authors DELETE" : {
    "transaction" : "authors DELETE",
    "sampleCount" : 752,
    "errorCount" : 752,
    "errorPct" : 100.0,
    "meanResTime" : 224.27526595744695,
    "medianResTime" : 188.0,
    "minResTime" : 99.0,
    "maxResTime" : 4348.0,
    "pct1ResTime" : 250.70000000000005,
    "pct2ResTime" : 289.70000000000005,
    "pct3ResTime" : 1921.9300000000005,
    "throughput" : 6.649512339620306,
    "receivedKBytesPerSec" : 53.4493516283347,
    "sentKBytesPerSec" : 1.409772812933832
  },
  "users all GET" : {
    "transaction" : "users all GET",
    "sampleCount" : 748,
    "errorCount" : 748,
    "errorPct" : 100.0,
    "meanResTime" : 433.11363636363643,
    "medianResTime" : 200.0,
    "minResTime" : 68.0,
    "maxResTime" : 6342.0,
    "pct1ResTime" : 511.1000000000005,
    "pct2ResTime" : 1900.0,
    "pct3ResTime" : 5097.58,
    "throughput" : 6.74475433043886,
    "receivedKBytesPerSec" : 54.21491493539283,
    "sentKBytesPerSec" : 1.258054762806467
  },
  "books PUT" : {
    "transaction" : "books PUT",
    "sampleCount" : 751,
    "errorCount" : 751,
    "errorPct" : 100.0,
    "meanResTime" : 261.85619174434055,
    "medianResTime" : 191.0,
    "minResTime" : 120.0,
    "maxResTime" : 2380.0,
    "pct1ResTime" : 262.80000000000007,
    "pct2ResTime" : 555.5999999999999,
    "pct3ResTime" : 2056.6800000000026,
    "throughput" : 6.7109895805408115,
    "receivedKBytesPerSec" : 53.943510974054114,
    "sentKBytesPerSec" : 2.6031194708058547
  },
  "books POST" : {
    "transaction" : "books POST",
    "sampleCount" : 751,
    "errorCount" : 751,
    "errorPct" : 100.0,
    "meanResTime" : 289.5073235685757,
    "medianResTime" : 190.0,
    "minResTime" : 120.0,
    "maxResTime" : 2380.0,
    "pct1ResTime" : 426.4000000000012,
    "pct2ResTime" : 650.1999999999996,
    "pct3ResTime" : 2042.680000000003,
    "throughput" : 6.711289443347245,
    "receivedKBytesPerSec" : 53.94592129706169,
    "sentKBytesPerSec" : 2.635351225636947
  },
  "activities GET" : {
    "transaction" : "activities GET",
    "sampleCount" : 779,
    "errorCount" : 779,
    "errorPct" : 100.0,
    "meanResTime" : 253.30166880616144,
    "medianResTime" : 188.0,
    "minResTime" : 9.0,
    "maxResTime" : 4853.0,
    "pct1ResTime" : 279.0,
    "pct2ResTime" : 491.0,
    "pct3ResTime" : 2132.000000000004,
    "throughput" : 6.797556719022688,
    "receivedKBytesPerSec" : 54.63934507253491,
    "sentKBytesPerSec" : 1.3150274732766143
  },
  "activities PUT " : {
    "transaction" : "activities PUT ",
    "sampleCount" : 771,
    "errorCount" : 771,
    "errorPct" : 100.0,
    "meanResTime" : 235.98962386511013,
    "medianResTime" : 190.0,
    "minResTime" : 4.0,
    "maxResTime" : 4852.0,
    "pct1ResTime" : 250.80000000000007,
    "pct2ResTime" : 294.79999999999995,
    "pct3ResTime" : 1880.919999999999,
    "throughput" : 6.733506838308501,
    "receivedKBytesPerSec" : 54.12450662706765,
    "sentKBytesPerSec" : 2.1594276873984737
  },
  "authors PUT" : {
    "transaction" : "authors PUT",
    "sampleCount" : 753,
    "errorCount" : 753,
    "errorPct" : 100.0,
    "meanResTime" : 244.85790172642785,
    "medianResTime" : 189.0,
    "minResTime" : 82.0,
    "maxResTime" : 2380.0,
    "pct1ResTime" : 247.0,
    "pct2ResTime" : 431.29999999999995,
    "pct3ResTime" : 2324.6800000000003,
    "throughput" : 6.648713081100173,
    "receivedKBytesPerSec" : 53.442927119663594,
    "sentKBytesPerSec" : 1.9368022521080748
  },
  "books GET" : {
    "transaction" : "books GET",
    "sampleCount" : 751,
    "errorCount" : 751,
    "errorPct" : 100.0,
    "meanResTime" : 229.17177097203756,
    "medianResTime" : 189.0,
    "minResTime" : 69.0,
    "maxResTime" : 2380.0,
    "pct1ResTime" : 249.0,
    "pct2ResTime" : 335.79999999999984,
    "pct3ResTime" : 1866.0000000000018,
    "throughput" : 6.7125491598140865,
    "receivedKBytesPerSec" : 53.95604700627905,
    "sentKBytesPerSec" : 1.2658128407668932
  },
  "books DELETE" : {
    "transaction" : "books DELETE",
    "sampleCount" : 751,
    "errorCount" : 751,
    "errorPct" : 100.0,
    "meanResTime" : 309.22769640479345,
    "medianResTime" : 192.0,
    "minResTime" : 89.0,
    "maxResTime" : 5116.0,
    "pct1ResTime" : 439.00000000000034,
    "pct2ResTime" : 625.9999999999999,
    "pct3ResTime" : 3096.640000000027,
    "throughput" : 6.714049439005856,
    "receivedKBytesPerSec" : 53.96810637935273,
    "sentKBytesPerSec" : 1.4103429104644405
  },
  "coverPhotos POST" : {
    "transaction" : "coverPhotos POST",
    "sampleCount" : 750,
    "errorCount" : 750,
    "errorPct" : 100.0,
    "meanResTime" : 254.04666666666665,
    "medianResTime" : 190.0,
    "minResTime" : 106.0,
    "maxResTime" : 2610.0,
    "pct1ResTime" : 291.0,
    "pct2ResTime" : 545.5999999999995,
    "pct3ResTime" : 1920.0,
    "throughput" : 6.755235307363206,
    "receivedKBytesPerSec" : 54.299161928619675,
    "sentKBytesPerSec" : 1.9216797314793965
  },